code,display,system,include_type,valueset_url,valueset_name
255549009,Anterior,http://snomed.info/sct,explicit,http://fhir.hie.moh.gov.my/ValueSet/site-my-core,ValueSetSiteMyCore
43674008,Apical,http://snomed.info/sct,explicit,http://fhir.hie.moh.gov.my/ValueSet/site-my-core,ValueSetSiteMyCore
57195005,Basal,http://snomed.info/sct,explicit,http://fhir.hie.moh.gov.my/ValueSet/site-my-core,ValueSetSiteMyCore
261059007,Bicoronal,http://snomed.info/sct,explicit,http://fhir.hie.moh.gov.my/ValueSet/site-my-core,ValueSetSiteMyCore
421610009,Bottom,http://snomed.info/sct,explicit,http://fhir.hie.moh.gov.my/ValueSet/site-my-core,ValueSetSiteMyCore
3583002,Caudal,http://snomed.info/sct,explicit,http://fhir.hie.moh.gov.my/ValueSet/site-my-core,ValueSetSiteMyCore
72906007,Common,http://snomed.info/sct,explicit,http://fhir.hie.moh.gov.my/ValueSet/site-my-core,ValueSetSiteMyCore
65424008,Contiguous,http://snomed.info/sct,explicit,http://fhir.hie.moh.gov.my/ValueSet/site-my-core,ValueSetSiteMyCore
795002,Deep,http://snomed.info/sct,explicit,http://fhir.hie.moh.gov.my/ValueSet/site-my-core,ValueSetSiteMyCore
46053002,Distal,http://snomed.info/sct,explicit,http://fhir.hie.moh.gov.my/ValueSet/site-my-core,ValueSetSiteMyCore
255554000,Dorsal,http://snomed.info/sct,explicit,http://fhir.hie.moh.gov.my/ValueSet/site-my-core,ValueSetSiteMyCore
761000124104,Dorsolateral,http://snomed.info/sct,explicit,http://fhir.hie.moh.gov.my/ValueSet/site-my-core,ValueSetSiteMyCore
741000124103,Dorsoventral,http://snomed.info/sct,explicit,http://fhir.hie.moh.gov.my/ValueSet/site-my-core,ValueSetSiteMyCore
298109001,Ectopic,http://snomed.info/sct,explicit,http://fhir.hie.moh.gov.my/ValueSet/site-my-core,ValueSetSiteMyCore
33843005,Efferent,http://snomed.info/sct,explicit,http://fhir.hie.moh.gov.my/ValueSet/site-my-core,ValueSetSiteMyCore
261788001,Exteriorized,http://snomed.info/sct,explicit,http://fhir.hie.moh.gov.my/ValueSet/site-my-core,ValueSetSiteMyCore
261074009,External,http://snomed.info/sct,explicit,http://fhir.hie.moh.gov.my/ValueSet/site-my-core,ValueSetSiteMyCore
69320009,Extracellular,http://snomed.info/sct,explicit,http://fhir.hie.moh.gov.my/ValueSet/site-my-core,ValueSetSiteMyCore
263759007,Foraminal,http://snomed.info/sct,explicit,http://fhir.hie.moh.gov.my/ValueSet/site-my-core,ValueSetSiteMyCore
298108009,Heterotopic,http://snomed.info/sct,explicit,http://fhir.hie.moh.gov.my/ValueSet/site-my-core,ValueSetSiteMyCore
306767000,High,http://snomed.info/sct,explicit,http://fhir.hie.moh.gov.my/ValueSet/site-my-core,ValueSetSiteMyCore
710097009,Incisal,http://snomed.info/sct,explicit,http://fhir.hie.moh.gov.my/ValueSet/site-my-core,ValueSetSiteMyCore
261089000,Inferior,http://snomed.info/sct,explicit,http://fhir.hie.moh.gov.my/ValueSet/site-my-core,ValueSetSiteMyCore
260521003,Internal,http://snomed.info/sct,explicit,http://fhir.hie.moh.gov.my/ValueSet/site-my-core,ValueSetSiteMyCore
83167003,Intracellular,http://snomed.info/sct,explicit,http://fhir.hie.moh.gov.my/ValueSet/site-my-core,ValueSetSiteMyCore
18769003,Juxta-posed,http://snomed.info/sct,explicit,http://fhir.hie.moh.gov.my/ValueSet/site-my-core,ValueSetSiteMyCore
49370004,Lateral,http://snomed.info/sct,explicit,http://fhir.hie.moh.gov.my/ValueSet/site-my-core,ValueSetSiteMyCore
103339001,Long axis,http://snomed.info/sct,explicit,http://fhir.hie.moh.gov.my/ValueSet/site-my-core,ValueSetSiteMyCore
38717003,Longitudinal,http://snomed.info/sct,explicit,http://fhir.hie.moh.gov.my/ValueSet/site-my-core,ValueSetSiteMyCore
306766009,Low,http://snomed.info/sct,explicit,http://fhir.hie.moh.gov.my/ValueSet/site-my-core,ValueSetSiteMyCore
261122009,Lower,http://snomed.info/sct,explicit,http://fhir.hie.moh.gov.my/ValueSet/site-my-core,ValueSetSiteMyCore
112233002,Marginal,http://snomed.info/sct,explicit,http://fhir.hie.moh.gov.my/ValueSet/site-my-core,ValueSetSiteMyCore
255561001,Medial,http://snomed.info/sct,explicit,http://fhir.hie.moh.gov.my/ValueSet/site-my-core,ValueSetSiteMyCore
260528009,Median,http://snomed.info/sct,explicit,http://fhir.hie.moh.gov.my/ValueSet/site-my-core,ValueSetSiteMyCore
710099007,Mesial,http://snomed.info/sct,explicit,http://fhir.hie.moh.gov.my/ValueSet/site-my-core,ValueSetSiteMyCore
255562008,Mid,http://snomed.info/sct,explicit,http://fhir.hie.moh.gov.my/ValueSet/site-my-core,ValueSetSiteMyCore
103342007,Mid-longitudinal,http://snomed.info/sct,explicit,http://fhir.hie.moh.gov.my/ValueSet/site-my-core,ValueSetSiteMyCore
255563003,Mid-zone,http://snomed.info/sct,explicit,http://fhir.hie.moh.gov.my/ValueSet/site-my-core,ValueSetSiteMyCore
261136004,Mural,http://snomed.info/sct,explicit,http://fhir.hie.moh.gov.my/ValueSet/site-my-core,ValueSetSiteMyCore
1217011006,Non-adjacent,http://snomed.info/sct,explicit,http://fhir.hie.moh.gov.my/ValueSet/site-my-core,ValueSetSiteMyCore
710098004,Occlusal,http://snomed.info/sct,explicit,http://fhir.hie.moh.gov.my/ValueSet/site-my-core,ValueSetSiteMyCore
103341000,Off axis,http://snomed.info/sct,explicit,http://fhir.hie.moh.gov.my/ValueSet/site-my-core,ValueSetSiteMyCore
298107004,Orthotopic,http://snomed.info/sct,explicit,http://fhir.hie.moh.gov.my/ValueSet/site-my-core,ValueSetSiteMyCore
264114003,Ostium,http://snomed.info/sct,explicit,http://fhir.hie.moh.gov.my/ValueSet/site-my-core,ValueSetSiteMyCore
7.81E+11,Palmar,http://snomed.info/sct,explicit,http://fhir.hie.moh.gov.my/ValueSet/site-my-core,ValueSetSiteMyCore
103343002,Parasagittal,http://snomed.info/sct,explicit,http://fhir.hie.moh.gov.my/ValueSet/site-my-core,ValueSetSiteMyCore
14414005,Peripheral,http://snomed.info/sct,explicit,http://fhir.hie.moh.gov.my/ValueSet/site-my-core,ValueSetSiteMyCore
60583000,Postaxial,http://snomed.info/sct,explicit,http://fhir.hie.moh.gov.my/ValueSet/site-my-core,ValueSetSiteMyCore
255551008,Posterior,http://snomed.info/sct,explicit,http://fhir.hie.moh.gov.my/ValueSet/site-my-core,ValueSetSiteMyCore
32400000,Preaxial,http://snomed.info/sct,explicit,http://fhir.hie.moh.gov.my/ValueSet/site-my-core,ValueSetSiteMyCore
40415009,Proximal,http://snomed.info/sct,explicit,http://fhir.hie.moh.gov.my/ValueSet/site-my-core,ValueSetSiteMyCore
62372003,Segmental,http://snomed.info/sct,explicit,http://fhir.hie.moh.gov.my/ValueSet/site-my-core,ValueSetSiteMyCore
263869007,Separate,http://snomed.info/sct,explicit,http://fhir.hie.moh.gov.my/ValueSet/site-my-core,ValueSetSiteMyCore
255584008,Septal,http://snomed.info/sct,explicit,http://fhir.hie.moh.gov.my/ValueSet/site-my-core,ValueSetSiteMyCore
103340004,Short axis,http://snomed.info/sct,explicit,http://fhir.hie.moh.gov.my/ValueSet/site-my-core,ValueSetSiteMyCore
26283006,Superficial,http://snomed.info/sct,explicit,http://fhir.hie.moh.gov.my/ValueSet/site-my-core,ValueSetSiteMyCore
264217000,Superior,http://snomed.info/sct,explicit,http://fhir.hie.moh.gov.my/ValueSet/site-my-core,ValueSetSiteMyCore
421812003,Top,http://snomed.info/sct,explicit,http://fhir.hie.moh.gov.my/ValueSet/site-my-core,ValueSetSiteMyCore
62824007,Transverse,http://snomed.info/sct,explicit,http://fhir.hie.moh.gov.my/ValueSet/site-my-core,ValueSetSiteMyCore
261183002,Upper,http://snomed.info/sct,explicit,http://fhir.hie.moh.gov.my/ValueSet/site-my-core,ValueSetSiteMyCore
771000124106,Ventrolateral,http://snomed.info/sct,explicit,http://fhir.hie.moh.gov.my/ValueSet/site-my-core,ValueSetSiteMyCore
33096000,Vertical,http://snomed.info/sct,explicit,http://fhir.hie.moh.gov.my/ValueSet/site-my-core,ValueSetSiteMyCore
