issue_type,affected_artefact_1,affected_artefact_2,resolution,final_identifier,notes
duplicate-url,http://fhir.hie.moh.gov.my/CodeSystem/diagnosis-role-my-core,CodeSystem-ncd-vc-dx-my-core,Corrected the NCD VC diagnosis code system to its own canonical.,https://myehr.kkmhub.moh.gov.my/fhir/ImplementationGuide/my-core/CodeSystem/ncd-vc-dx-my-core,The legacy canonical collided with diagnosis-role.
duplicate-url,http://fhir.hie.moh.gov.my/ValueSet/specialty-my-core,CodeSystem-specialty-my-core.json,Converted the malformed legacy file into a CodeSystem and preserved the ValueSet separately.,https://myehr.kkmhub.moh.gov.my/fhir/ImplementationGuide/my-core/CodeSystem/specialty-my-core,The legacy code-system file was actually a ValueSet carrying an expansion.
duplicate-url,http://fhir.hie.moh.gov.my/CodeSystem/ward-class-my-core,CodeSystem-ward-category-my-core,Corrected the ward-category canonical and renamed the artefact accordingly.,https://myehr.kkmhub.moh.gov.my/fhir/ImplementationGuide/my-core/CodeSystem/ward-category-my-core,The legacy file carried ward-category concepts under the ward-class canonical.
duplicate-url,http://fhir.hie.moh.gov.my/CodeSystem/developmental-milestone-my-core,CodeSystem-dev-milestone-my-core,Kept one representative CodeSystem and removed the duplicate copy.,https://myehr.kkmhub.moh.gov.my/fhir/ImplementationGuide/my-core/CodeSystem/developmental-milestone-my-core,The two files carried equivalent content.
duplicate-url,http://fhir.hie.moh.gov.my/ValueSet/developmental-milestone-my-core,ValueSetDevelopmentalMilestoneMyCore,Kept the richer ValueSet variant and removed the duplicate copy.,https://myehr.kkmhub.moh.gov.my/fhir/ImplementationGuide/my-core/ValueSet/developmental-milestone-my-core,The retained variant preserves the extra SNOMED concept.
duplicate-url,http://fhir.hie.moh.gov.my/ValueSet/procedure-category-my-core,ValueSet-procedure-category-my-core (Non Profile),Kept the Procedure-family ValueSet with richer compose rules and removed the duplicate.,https://myehr.kkmhub.moh.gov.my/fhir/ImplementationGuide/my-core/ValueSet/procedure-category-my-core,The retained variant includes additional SNOMED concepts.
duplicate-url,http://fhir.hie.moh.gov.my/Questionnaire/q-maternal-30,q-maternal-30.R4 no person.json,Retained the alternate questionnaire as a distinct no-person variant in source-preserved programme content.,source-only: Questionnaire/q-maternal-30-no-person,This preserves the separate business meaning while removing the canonical collision from the vendor-facing publication set.
duplicate-id,QuestionnaireResponse/qr-child-md,qr-child-01.json,Corrected the legacy response id to qr-child-01 in the preserved source lineage.,QuestionnaireResponse/qr-child-01,QuestionnaireResponse instances are not published in the live IG resource set.
duplicate-name,ValueSetAllergyCodeMyCore,ValueSet-allergy-active-ingredient-my-core,Renamed the active-ingredient value set to ValueSetAllergyActiveIngredientMyCore.,ValueSetAllergyActiveIngredientMyCore,This removes the duplicate name without changing business intent.
